source_id,canonical_name,domain,origin,official_url,citation,media_type,provided_labels,human_annotation_type,dataset_size_claimed,downloaded_item_count,downloaded_bytes,access_method,code_license,dataset_annotation_license,underlying_media_rights,redistribution_status,commercial_use_status_if_explicit,terms_access_notes,version,timestamp,status,reason
src_konvid1k,KoNViD-1k,real_natural_video (Flickr/YFCC100M),"MMSP / VQA Group, Universitat Konstanz",https://database.mmsp-kn.de/konvid-1k-database.html,"Hosu et al., QoMEX 2017",video,"subjective quality MOS + per-video blur/colourfulness/contrast/SI/TI/VNIQE (KoNViD_1k_attributes.csv, KoNViD_1k_mos.csv)",crowdsourced subjective quality study,"1,200 videos, 8s each, ~2.3 GB",1200,2412945110,"public direct download, ungated: https://datasets.vqa.mmsp-kn.de/archives/KoNViD_1k_videos.zip . No login/form/cookie. robots.txt absent on the file host; the database host does not disallow the KoNViD-1k page.",n/a,not_stated,not_verified. Official page describes sources as Creative Commons video from YFCC100M but names no variant. The distributed metadata contains flickr_id but NO per-video licence field — checked directly. Per-item CC status therefore unresolved.,not_stated - treat as NOT permitted,not_stated,"Acquired under RES-001 clarification 6/7: public, ungated, no explicit term prohibiting download, internal research/evaluation only. flickr_id is present, so a future rights review could resolve per-video CC status against Flickr if a use beyond internal evaluation is ever proposed. PRIVACY NOTE: KoNViD_1k_subjective.csv ships crowdworker IP addresses, worker IDs and city/country - see Controller Brief.",full public release,2026-08-24,downloaded,"Public, ungated, no explicit prohibition. Rights not_stated and recorded as such. Provides the only large real human-made media in the pilot."
src_youtube_ugc,YouTube-UGC,real_ugc_video (YouTube creators),Google / YouTube Media Algorithms,https://media.withyoutube.com/,"Wang, Inguva, Adsumilli, MMSP 2019 (arXiv:1904.06457)",video,"no-reference quality metrics published separately (Noise, Banding, SLEEQ); subjective MOS in follow-up work",subjective quality study (separate release),"~1,500 clips; bucket holds 1,070 video keys / 4,922 objects",5,855146670,"public Google Cloud Storage bucket `ugc-dataset`, anonymous HTTP, ungated. Anonymous XML listing returns HTTP 200. NOT retrieved from youtube.com - no YouTube endpoint touched, so YouTube's robots.txt/ToS restrictions on /get_video are not engaged.",n/a,see media licence,"EXPLICIT AND VERIFIED. gs://ugc-dataset/LICENSE is a Creative Commons Public License. gs://ugc-dataset/ATTRIBUTION names each clip's original work, author and states 'licensed under CC BY 4.0'. Clips are audio-removed excerpts of CC BY 4.0 YouTube videos.",CC BY 4.0 permits redistribution with attribution; we do not redistribute,CC BY 4.0 does not restrict commercial use (licence text read directly),"Best-documented source in the pilot: explicit licence AND per-item attribution. LICENSE and ATTRIBUTION retained alongside the media. Selection is deterministic and content-blind: within the 360P tier, the first clip of each distributor-defined category in sorted order, until the source byte budget. Rate-limited, sequential, 1s delay.","360P tier, one clip per category, bounded sample",2026-08-24,partial_download,"Explicitly CC BY 4.0, ungated, official Google distribution. Bounded sample only because original pre-transcode files are 0.06-5 GB each."
src_imagerewarddb,ImageRewardDB,generated_image_preference,"Zhipu/THUDM (ImageReward, NeurIPS 2023)",https://huggingface.co/datasets/zai-org/ImageRewardDB,"Xu et al., ImageReward, NeurIPS 2023",image,expert pairwise comparisons; separate alignment / fidelity / harmlessness ratings,expert human annotation,"137k expert comparisons; images/ tree = 23.7 GB (train 21.4, test 1.18, validation 1.13)",2584,1125610808,"public HuggingFace, anonymous, ungated. NOTE: THUDM/ImageRewardDB now HTTP 307-redirects to zai-org/ImageRewardDB (org rename) - the URL printed in CORPUS-SOURCING-PLAN.md era references is stale.",MIT (stated),apache-2.0 (stated on dataset card),not_verified beyond the publisher's assertion. Images collected from DiffusionDB (Stable Diffusion generations). Publisher asserts apache-2.0 over the dataset.,apache-2.0 permits redistribution; we do not redistribute,not_stated explicitly; apache-2.0 imposes no use restriction,"Subset rule is the distributor's own COMPLETE validation split, taken whole - so no selection judgement of ours enters the corpus at all. Full dataset far exceeds the RES-001 budget.",official validation split (validation_1.zip + validation_2.zip),2026-08-24,partial_download,"Apache-2.0, ungated. Only source separating evaluation dimensions, closest public analogue to our technical-vs-creative split."
src_videofeedback,VideoFeedback (VideoScore),generated_video_human_scores,TIGER-Lab,https://huggingface.co/datasets/TIGER-Lab/VideoFeedback,"VideoScore / VideoFeedback, TIGER-Lab",video,"visual quality, temporal consistency, dynamic degree, text-to-video alignment, factual consistency (1-4)","human raters, multi-aspect",card claims 37.6k pairs / 8.81 GB; the media repo's main revision exposes 987 mp4 files totalling 0.18 GB - the discrepancy is unexplained and recorded as observed,987,181560342,"public HuggingFace, anonymous, ungated. Annotations at TIGER-Lab/VideoFeedback; media at hexuan21/VideoFeedback-videos-mp4.",not_stated,apache-2.0 (stated on both repos),not_verified beyond the publisher's assertion. AI-generated video from multiple text-to-video models plus some real-world video as augmentation; the card names neither the source models nor which items are the real-world portion.,apache-2.0 permits redistribution; we do not redistribute,not_stated explicitly; apache-2.0 imposes no use restriction,No subset rule needed: every mp4 addressable on the media repo's main revision was taken. Temporal-consistency labels are the relevant axis for the cross-frame observation-unit problem.,all mp4 on main revision,2026-08-24,downloaded,"Apache-2.0, ungated, fits budget whole."
src_videogen_rewardbench,VideoGen-RewardBench,generated_video_pairwise_preference,KwaiVGI / Kling team,https://huggingface.co/datasets/KlingTeam/VideoGen-RewardBench,"VideoAlign, NeurIPS 2025",video,"pairwise preference: visual quality, motion quality, temporal alignment, overall","expert annotators, pairwise","25,234 rows; videos.zip = 13.42 GB",0,0,"public HuggingFace, anonymous, ungated. KwaiVGI/... 307-redirects to KlingTeam/... .",not_stated,apache-2.0 (stated),"not_verified beyond the publisher's assertion. Video generated by 12 named models (CogVideoX, kling, kling1.5, qingying, gen3, minimax, vidu, tongyi, luma, luma1.6, opensora1.2, easyanimatev4). Whether a third party can licence outputs of commercial generators is not established.",apache-2.0 permits redistribution; we do not redistribute,not_stated explicitly; apache-2.0 imposes no use restriction,"RIGHTS ARE CLEAR - THIS IS A FORMAT BLOCK, NOT A LICENCE BLOCK. The media ship as ONE 13.42 GB videos.zip. There is no addressable per-item path, so a bounded deterministic subset is impossible without partial-archive techniques this pilot should not depend on. Peak requirement (archive + extraction) would be ~26.8 GB against an 8 GB cap and a 12 GB free-space floor.",n/a,2026-08-24,too_large_for_pilot,"Apache-2.0 and ungated, but monolithic 13.42 GB archive cannot be subset. Best candidate for a later, larger acquisition - 12-generator diversity is not available elsewhere."
src_pvp,Personalized Visual Persuasion (PVP),persuasion_image_ratings,holi-lab / Seoul National University,https://huggingface.co/datasets/holi-lab/PVP,ACL 2025; arXiv:2506.00481,image,"9 persuasion strategies, persuasiveness ratings, annotator demographics and psychological traits","2,521 human annotators","28,454 images, 596 messages, 20 topics",0,0,GATED. HuggingFace API reports gated: auto on holi-lab/PVP - login plus terms acceptance required even though approval is automatic.,MIT (GitHub repository code),not_stated,not_verified. Paper describes images as partly DALL-E generated and partly sourced via Google Image Search; the web-sourced portion carries third-party copyright with no stated clearance.,not_stated,not_stated,"Reassessed under clarification 6/7 and still blocked - the blocker is an ACCESS GATE, which clarification 6 does not waive. Separately checked holi-lab/visual_persuasion (ungated): it contains only faithfulness annotations and train_data JSON, NO images, so it is not the PVP media distribution. Per clarification 2, not substituted. Earlier note retained: a web search asserted the DATASET is MIT-licensed; that is the repository CODE licence and was not accepted.",n/a,2026-08-24,blocked_access,Gated (login + terms acceptance). Not crossable. Licence silence was never the operative blocker.
src_ava,AVA (Aesthetic Visual Analysis),real_photography_aesthetics,"Murray et al., CVPR 2012",http://www.vabs.info/papers/AVA/,"Murray, Marchesotti, Perronnin, CVPR 2012",image,"aesthetic ratings (~210 per image), 66 semantic labels, 14 style labels",photo-contest community voting,"~255,000 images",0,0,Authors distribute image lists and annotations only - no media. The only routes are scraping dpchallenge.com or an academic torrent.,n/a,not_stated,EXPLICITLY RESERVED. dpchallenge.com states: 'All digital photo copyrights belong to the photographers and may not be used without permission.',explicitly prohibited by site terms,not_stated for photographs; reproduction prohibited regardless,"Reassessed under clarification 6/7 and now blocked on STRONGER grounds than before. dpchallenge.com/terms.php explicitly prohibits: 'use a robot, spider or other device or process to monitor the activity on or copy pages from the DPChallenge.com Web Site'; 'You may not reproduce or distribute any information available from the Website, electronically or otherwise. You shall not store or aggregate such information in any manner'; and deep-linking to images. robots.txt does not blanket-disallow (the User-agent:* block is commented out) but the terms of service do. Torrent route remains out of scope.",n/a,2026-08-24,blocked_license,"Explicit site terms prohibit robots, reproduction and aggregation; photographers' copyright expressly reserved. Clarification 6 does not permit proceeding despite an explicit restriction."
src_pitt_ads,Pitt Image and Video Ads,real_advertising,"Univ. of Pittsburgh, Kovashka group",https://people.cs.pitt.edu/~kovashka/ads/,"Hussain et al., CVPR 2017",image + video,"topic, sentiment, action-reason Q/A, strategy, symbolism bounding boxes",crowdworker (Amazon Mechanical Turk),"64,832 image ads; 3,477 video ads",0,0,"EMAIL REQUEST GATE. readme_images.txt: 'To obtain the dataset for research purposes, please email us.' Videos supplied as an ID list, not media.",not_stated,not_stated,not_verified. Advertisements collected from the web; third-party brand copyright applies.,not_stated,not_stated,Explicitly kept blocked by clarification 7. An email request is a human permission decision. Annotation zips remain directly downloadable if metadata-only use is ever wanted.,n/a,2026-08-24,blocked_access,Email/manual-approval gate; clarification 7 keeps this blocked absent separate Controller authorisation.
src_lsvq,LIVE-FB LSVQ,real_social_video_quality,"LIVE Lab, UT Austin / CU Boulder",https://www.colorado.edu/lab/live/live-fb-large-scale-social-video-quality-database,"Ying et al., Patch-VQ, CVPR 2021",video,"~5.5M quality scores from ~6,300 subjects",subjective quality study,"38,811 videos, 116,433 v-patches",0,0,FORM GATE. Free to researchers but a download form must be completed.,n/a,not_stated,not_verified. Sampled from Internet Archive and YFCC100M.,not_stated,not_stated,Explicitly kept blocked by clarification 7. Repo also notes the automatic form reply was broken and some videos may no longer be retrievable.,n/a,2026-08-24,blocked_access,Form/manual-approval gate; clarification 7 keeps this blocked absent separate Controller authorisation.
